NUME PROGRAM,TARA
AL JAZEERA ENG,ANGLIA
AL JAZEERA ENG HD,ANGLIA
BABY TV,ANGLIA
BBC ENTERTAINMENT,ANGLIA
BBC FIRST (CEE),ANGLIA
BBC FIRST (CEE) HD,ANGLIA
BLOOMBERG,ANGLIA
CLASSICAL TV,ANGLIA
CRIME & INVESTIGATION NETWORK EUROPE,ANGLIA
EPIC DRAMA (CEE),ANGLIA
EPIC DRAMA (CEE) HD,ANGLIA
ESPN AMERICA,ANGLIA
ESPN AMERICA HD,ANGLIA
ESPN CLASSIC SPORT,ANGLIA
ID XTRA,ANGLIA
ID XTRA HD,ANGLIA
LOVE NATURE,ANGLIA
LOVE NATURE 4K,ANGLIA
LOVE NATURE HD,ANGLIA
MTV LIVE HD,ANGLIA
MTV MUSIC 24,ANGLIA
NAUTICAL CHANNEL,ANGLIA
NAUTICAL CHANNEL HD,ANGLIA
RT (RUSSIA TODAY),ANGLIA
RT (RUSSIA TODAY) HD,ANGLIA
SHORTS HD,ANGLIA
SHORTS TV,ANGLIA
SPORT EXTRA HD,ANGLIA
SPORT EXTRA TV,ANGLIA
SUNDANCE,ANGLIA
SUNDANCE HD,ANGLIA
THE OUTDOOR CHANNEL,ANGLIA
THE OUTDOOR CHANNEL HD,ANGLIA
TLC HD,ANGLIA
TRACE SPORTS STARS,ANGLIA
TRACE SPORTS STARS HD,ANGLIA
TRAVEL XP,ANGLIA
TRAVEL XP HD,ANGLIA
TV1000 BALKANS,ANGLIA
TV1000 RUSSIAN KINO,ANGLIA
VIASAT 3 HU,ANGLIA
VIASAT 6,ANGLIA
VIASAT EXPLORE,ANGLIA
VIASAT EXPLORE HD,ANGLIA
VIASAT HISTORY,ANGLIA
VIASAT HISTORY HD,ANGLIA
VIASAT NATURE,ANGLIA
VIASAT NATURE HD,ANGLIA
FASHION TV,AUSTRIA
FASHION TV HD,AUSTRIA
SPARK,AUSTRIA
BALKANIKA MUSIC TELEVISION,BULGARIA
AMC CHANNEL ROMÂNIA,CEHIA
AMC CHANNEL ROMÂNIA HD,CEHIA
CARTOON NETWORK CEE,CEHIA
CARTOON NETWORK CEE HD,CEHIA
CARTOONITO BENELUX CEE GAS,CEHIA
CARTOONITO BENELUX CEE GAS HD,CEHIA
CINEMAX,CEHIA
CINEMAX 2,CEHIA
CINEMAX 2 HD,CEHIA
CINEMAX HD,CEHIA
CLUB MTV,CEHIA
COMEDY CENTRAL,CEHIA
COMEDY CENTRAL EXTRA,CEHIA
COMEDY CENTRAL HUNGARY,CEHIA
FILM CAFE,CEHIA
GOLF CHANNEL,CEHIA
HBO,CEHIA
HBO 2,CEHIA
HBO 2 HD,CEHIA
HBO 3 HD,CEHIA
HBO 3 România,CEHIA
HBO HD,CEHIA
MEGAMAX,CEHIA
MINIMAX,CEHIA
MINIMAX HU,CEHIA
MTV,CEHIA
MTV 00s,CEHIA
MTV 80s,CEHIA
MTV 90s,CEHIA
MTV HITS INTERNATIONAL,CEHIA
NICKELODEON,CEHIA
NICKELODEON HD,CEHIA
NICKELODEON HU,CEHIA
SPORT M,CEHIA
SUNDANCE TV PE,CEHIA
TEENNICK,CEHIA
TV PAPRIKA,CEHIA
TV PAPRIKA HU,CEHIA
VIVA HUNGARY,CEHIA
FIGHT CHANNEL WORLD HD,CROA}IA
IConcerts,ELVE}IA
IConcerts HD,ELVE}IA
AB MOTEURS,FRAN}A
ARTE HD,FRAN}A
CGTN,FRAN}A
EURONEWS,FRAN}A
EURONEWS HD,FRAN}A
EUROSPORT 1 (PAN - român\),FRAN}A
EUROSPORT 1 (PAN - român\) HD,FRAN}A
EUROSPORT 1 (România),FRAN}A
EUROSPORT 1 (România) HD,FRAN}A
EUROSPORT 2 (PAN - român\),FRAN}A
EUROSPORT 2 (PAN - român\) HD,FRAN}A
EUROSPORT 2 (PAN),FRAN}A
EUROSPORT 2 (PAN) HD,FRAN}A
EUROSPORT 2 (România),FRAN}A
EUROSPORT 2 (România) HD,FRAN}A
EUROSPORT 4K,FRAN}A
EUROSPORT NEWS,FRAN}A
FRANCE 2,FRAN}A
FRANCE 2 HD,FRAN}A
FRANCE 24,FRAN}A
FRANCE 24 - ENGLEZA,FRAN}A
FRANCE 24 - ENGLEZA HD,FRAN}A
FRANCE 24 HD,FRAN}A
FRANCE 3,FRAN}A
FRANCE 4,FRAN}A
FRANCE 5,FRAN}A
MEZZO,FRAN}A
MEZZO LIVE HD,FRAN}A
MOTEURS,FRAN}A
MUSEUM 4K,FRAN}A
MUSEUM HD,FRAN}A
MyZen 4K,FRAN}A
MyZen.TV,FRAN}A
MyZen.TV HD,FRAN}A
THE MUSEUM CHANNEL,FRAN}A
TRACE CARRIBEAN,FRAN}A
TRACE CARRIBEAN HD,FRAN}A
TRACE URBAN,FRAN}A
TRACE URBAN HD,FRAN}A
TV 5 MONDE,FRAN}A
TV 5 MONDE HD,FRAN}A
3 SAT,GERMANIA
AUTO MOTOR UND SPORT CHANNEL,GERMANIA
AUTO MOTOR UND SPORT CHANNEL HD,GERMANIA
CRIME & INVESTIGATION EU,GERMANIA
DA VINCI LEARNING,GERMANIA
DA VINCI LEARNING HD,GERMANIA
DEUTSCHE WELLE,GERMANIA
DEUTSCHE WELLE HD,GERMANIA
HISTORY CHANNEL (ROMANIAN),GERMANIA
HISTORY CHANNEL (ROMANIAN) HD,GERMANIA
HISTORY CHANNEL HU,GERMANIA
HISTORY CHANNEL HU HD,GERMANIA
HISTORY ROMANIA,GERMANIA
HISTORY ROMANIA HD,GERMANIA
HISTORY2 EU (H2 EU),GERMANIA
HISTORY2 HUNGARY,GERMANIA
KABEL EINS,GERMANIA
MOTORVISION,GERMANIA
MOTORVISION HD,GERMANIA
N-TV,GERMANIA
PRO SIEBEN,GERMANIA
ROMANCE TV MAGYAR,GERMANIA
ROMANCE TV ROMANIA,GERMANIA
RTL 2,GERMANIA
RTL NITRO,GERMANIA
RTL TELEVISION,GERMANIA
SAT.1,GERMANIA
SIXX,GERMANIA
STINGRAY C MUSIC,GERMANIA
STINGRAY CLASSICA,GERMANIA
STINGRAY CLASSICA HD,GERMANIA
STINGRAY DJAZZ,GERMANIA
STINGRAY DJAZZ HD,GERMANIA
STINGRAY FESTIVAL,GERMANIA
STINGRAY FESTIVAL 4K,GERMANIA
STINGRAY HITS,GERMANIA
STINGRAY ICONCERTS (STINGRAY QELLO),GERMANIA
STINGRAY ICONCERTS HD,GERMANIA
STINGRAY LITE TV,GERMANIA
STINGRAY NATURESCAPE,GERMANIA
SUPER RTL,GERMANIA
VOX,GERMANIA
WARNER TV (România),GERMANIA
WARNER TV HD (România),GERMANIA
WELT,GERMANIA
CLASS HORSE TV,ITALIA
CNBC EUROPE,ITALIA
CNBC EUROPE HD,ITALIA
MEDIASET ITALIA NETWORK,ITALIA
RAI DUE,ITALIA
RAI DUE HD,ITALIA
RAI NEWS 24,ITALIA
RAI NEWS 24 HD,ITALIA
RAI TRE,ITALIA
RAI TRE HD,ITALIA
RAI UNO,ITALIA
RAI UNO HD,ITALIA
ARCADIA TV,LIECHTENSTEIN
ARCADIA TV HD,LIECHTENSTEIN
BBC WORLD NEWS,LUXEMBURG
BBC WORLD NEWS HD,LUXEMBURG
CNN HD,LUXEMBURG
CNN INTERNATIONAL,LUXEMBURG
COOL TV,LUXEMBURG
FILM+,LUXEMBURG
FILM+ HD,LUXEMBURG
GALAXY 4,LUXEMBURG
LUXE TV,LUXEMBURG
LUXE TV 4K UHD,LUXEMBURG
LUXE TV HD,LUXEMBURG
MUZSIKA TV,LUXEMBURG
RTL GOLD,LUXEMBURG
RTL HAROM,LUXEMBURG
RTL HAROM HD,LUXEMBURG
RTL KETTO,LUXEMBURG
RTL KETTO HD,LUXEMBURG
SKY NEWS INTERNATIONAL,LUXEMBURG
SOROZAT+,LUXEMBURG
10 TV,MOLDOVA
BUSUIOC TV,MOLDOVA
JURNAL TV,MOLDOVA
MOLDOVA 1,MOLDOVA
NOROC,MOLDOVA
360TUNEBOX,OLANDA
360TUNEBOX HD,OLANDA
ANIMAL PLANET,OLANDA
ANIMAL PLANET HD,OLANDA
AXN CE BLACK,OLANDA
AXN CE WHITE,OLANDA
AXN ROM,OLANDA
AXN ROM HD,OLANDA
AXN SPIN RA,OLANDA
BABES TV,OLANDA
BABES TV HD,OLANDA
BANG U,OLANDA
BANG U HD,OLANDA
BBC EARTH,OLANDA
BBC EARTH HD,OLANDA
BLUE HUSTLER TV,OLANDA
BRAVA HDTV,OLANDA
BRAZZERS TV EUROPE,OLANDA
BRAZZERS TV EUROPE HD,OLANDA
DISCOVERY CHANNEL,OLANDA
DISCOVERY CHANNEL HD,OLANDA
DISCOVERY CHANNEL HU,OLANDA
DISCOVERY FAMILY,OLANDA
DISCOVERY SCIENCE,OLANDA
DISCOVERY SCIENCE HD,OLANDA
DISCOVERY SCIENCE HU,OLANDA
DISCOVERY SHOWCASE HD,OLANDA
DISCOVERY WORLD,OLANDA
DJAZZTV,OLANDA
DJAZZTV HD,OLANDA
DOCUBOX,OLANDA
DOCUBOX HD,OLANDA
DORCEL TV HD,OLANDA
DORCEL XXX HD,OLANDA
DTX,OLANDA
DTX HD,OLANDA
DTX HU,OLANDA
EROTICA TV HD,OLANDA
EROX,OLANDA
EROX HD,OLANDA
EROXX,OLANDA
EROXX HD,OLANDA
EROXXX,OLANDA
EROXXX HD,OLANDA
EXTREME SPORTS,OLANDA
FASHIONBOX HD,OLANDA
FASTNFUNBOX HD,OLANDA
FIGHTBOX HD,OLANDA
FINE LIVING NETWORK,OLANDA
FOOD NETWORK,OLANDA
FOOD NETWORK HD,OLANDA
FREE X TV,OLANDA
FREE X TV LIGHT,OLANDA
FRENCH LOVER TV,OLANDA
FUNBOX UHD,OLANDA
GAMETOON HD,OLANDA
HGTV,OLANDA
HGTV HD,OLANDA
HUSTLER HD,OLANDA
HUSTLER HD3D,OLANDA
HUSTLER TV,OLANDA
ID INVESTIGATION DISCOVERY,OLANDA
ID INVESTIGATION DISCOVERY HD,OLANDA
ID INVESTIGATION DISCOVERY HU,OLANDA
INSIGHT UHD,OLANDA
MARC DORCEL TV,OLANDA
NICK JUNIOR,OLANDA
NICK JUNIOR (HUNGARY),OLANDA
NICK TOONS (HUNGARY),OLANDA
NICK TOONS (ROMANIA),OLANDA
PLAYBOY TV EUROPE,OLANDA
PLAYBOY TV HD,OLANDA
PRIVATE BLUE,OLANDA
PRIVATE GOLD,OLANDA
PRIVATE TV,OLANDA
REALITY KINGS,OLANDA
REALITY KINGS HD,OLANDA
SUPER ONE,OLANDA
SUPER ONE HD,OLANDA
TIMELESS DIZI CHANNEL,OLANDA
TIMELESS DIZI CHANNEL HD,OLANDA
TLC BALKANS,OLANDA
TLC ROMANIA,OLANDA
TLC ROMANIA HD,OLANDA
TRAVEL CHANNEL,OLANDA
TRAVEL CHANNEL HD,OLANDA
VIXEN TV,OLANDA
TV POLONIA,POLONIA
DM SAT TV,SERBIA
PINK PLUS,SERBIA
RTS 1,SERBIA
RTS 2,SERBIA
RTS SAT,SERBIA
RTS SAT HD,SERBIA
DUCK TV,SLOVACIA
DUCK TV HD,SLOVACIA
DUCKTV PLUS,SLOVACIA
STV1 BRATISLAVA,SLOVACIA
CxC (CENTO X CENTO TV),SLOVENIA
PINKO (PINK'O TV),SLOVENIA
CBS REALITY,SPANIA
DISNEY CHANNEL,SPANIA
DISNEY JUNIOR,SPANIA
DIVA (România),SPANIA
E! EURA (România),SPANIA
E! EURA (România) HD,SPANIA
FILMBOX,SPANIA
FILMBOX ACTION,SPANIA
FILMBOX ARTHOUSE,SPANIA
FILMBOX BALTICS,SPANIA
FILMBOX BASICS,SPANIA
FILMBOX EXTRA,SPANIA
FILMBOX EXTRA HD,SPANIA
FILMBOX FAMILY,SPANIA
FILMBOX PREMIUM,SPANIA
FILMBOX PREMIUM HD,SPANIA
FILMBOX STARS,SPANIA
FILMBOX TURKEY,SPANIA
GALAVISION,SPANIA
JIMJAM (ROMANIA),SPANIA
NATGEO PEOPLE EU,SPANIA
NATGEO PEOPLE HD,SPANIA
NATIONAL GEOGRAPHIC,SPANIA
NATIONAL GEOGRAPHIC HD,SPANIA
NATIONAL GEOGRAPHIC WILD,SPANIA
NATIONAL GEOGRAPHIC WILD HD,SPANIA
PENTHOUSE 3D,SPANIA
PENTHOUSE GOLD,SPANIA
PENTHOUSE PASSION,SPANIA
PENTHOUSE PASSION HD,SPANIA
PENTHOUSE REALITY,SPANIA
PENTHOUSE REALITY HD,SPANIA
REDLIGHT HD,SPANIA
ATV-AVRUPA,TURCIA
KANAL D,TURCIA
SHOW TV,TURCIA
STAR TV,TURCIA
TRT 1,TURCIA
TRT 1 HD,TURCIA
TRT 2,TURCIA
TRT 4 COCUK,TURCIA
TRT HABER,TURCIA
ESPRESO,UCRAINA
RADA TV,UCRAINA
BONUM TV,UNGARIA
DUNA TV,UNGARIA
DUNA TV HD,UNGARIA
DUNA WORLD,UNGARIA
DUNA WORLD HD,UNGARIA
FILM4,UNGARIA
HALOZAT TV,UNGARIA
HIR TV,UNGARIA
M1,UNGARIA
M1 HD,UNGARIA
M2,UNGARIA
M2 HD,UNGARIA
M4 SPORT,UNGARIA
M4 SPORT HD,UNGARIA
M4 SPORT+,UNGARIA
M5,UNGARIA
M5 HD,UNGARIA
MAGYAR ATV,UNGARIA
MAGYAR SLAGER TV,UNGARIA
OZONE TV,UNGARIA
RADIO BARTOK,UNGARIA
RADIO DANKO,UNGARIA
RADIO KOSSUTH,UNGARIA
RADIO PETOFI,UNGARIA
RTL,UNGARIA
RTL HD,UNGARIA
SPORT 2,UNGARIA
SPORT M,UNGARIA
STORY 4,UNGARIA
TV2,UNGARIA
TV2 HD,UNGARIA
TV4,UNGARIA
