Company	
CETATEA ALBA CAROLINA SRL	
EXCLUSIV ?TIRI MEDIA SRL	
ANTENA 3 SA	
TV SAT SRL	
SMART VEST COMMUNICATIONS SRL	
ARMEDIA GROUP SRL	
ECO RINO SRL	
LOCAL MEDIA FACTORY SRL	
DEYVID COM SRL	
SUD VEST MEDIA SRL	
TL PLUS MEDIA SRL	
COZA MEDIA SA	
"ASOCIA?IA ""INTERMEDIA ERDOVIDEK"""	
UNDA MIRABIS SRL	
BALADA STUDIO MUSIC SRL	
NORD CARPAT MEDIA SRL	
RAPSODIA TV SRL	
TELEVIZIUNEA LOCAL? NORD EST MEDIA IMAGE TELE'M SRL	
CANARIS SRL	
RADIOTELEVIZIUNEA TRANSILVANIA SRL	
NOVA PRESS SRL	
SOCIETATEA ROMÂN? DE TELEVIZIUNE	
VODAFONE ROMANIA SA	
BEST MIXMEDIA SRL	
DIGITAL INFOCHANNEL SRL	
P.C. NET-C.A.T.V. SRL	
STUDIO MODERNA SA	
AGRO TV NETWORK SRL	
DOGAN MEDIA INTERNATIONAL SA	
DESIGNERGY MEDIA SRL	
M&M CHANNEL SRL	
PRO TV SRL	
LINKPRESSTV SRL	
KISS TV MUSIC SRL	
CANAL 33 NETWORK SRL	
DIPLOMATIC DIGITAL SRL	
MEDIKA BROADCAST CHANNEL SRL	
CLEVER MEDIA NETWORK SRL	
VISION BROADCAST SRL	
SMART TV MANAGEMENT SRL	
ALEPH MEDIA SRL	
BALCAN MEDIA VISION SRL	
JOB TV SRL	
PUBLIVOL CREATIV SA	
I S G TV SRL	
MOOZ TV SRL	
PHG MEDIA-INVEST SRL	
ARTFEST CONSULTING SRL	
TEZAUR TV SRL	
TRALALA STUDIO SRL	
SFM MEDIA TECH SRL	
TV ALB NEGRU SRL	
B1 TV CHANNEL SRL	
BRIDGE MEDIA SOLUTIONS SRL	
ANGELUS WORKS SRL	
ATOMIC MEDIA ADVERTISING SRL	
UNIVERSITATEA POLITEHNICA DIN BUCURE?TI	
CLEVER BUSINESS TRANSILVANIA SRL	
RAINBOW MEDIA COMMUNICATIONS SRL	
ETNO FOLCLOR MEDIA SRL	
REAL TOP MEDIA TV SRL	
PERLA CLUSTER SRL	
ANTENA TV GROUP SA	
IKO POLAND SRL	
PATRIARHIA ROMÂN? - ADMINISTRA?IA PATRIARHAL?	
RCS & RDS SA	
ORANGE ROMANIA COMMUNICATIONS SA	
CAMPUS MEDIA TV SRL	
RTV HD SRL	
INEDIT TV SRL	
NA?UL	1
GEOPOL INTERNATIONAL SRL	
ORANGE ROMANIA SA	
CEE BROADCASTING CO. SRL	
ABC PLUS MEDIA SA	
CLAS MEDIA SRL	
TV BUZ?U TRUST CAMPUS SRL	
MEDIA GRUP PRODUCTION SRL	
R T M BUZ?U SRL	
SEMSAT SRL	
MEDIA STIL SRL	
GMB COMPUTERS SRL	
GMG BUSINESS HOTELS SRL	
TELESTAR COMMUNICATION SRL	
PAGINA CIUDATULUI SRL	
EXPRES IMAGE SRL	
DOBROGEA MEDIA SRL	
INTERSAT SRL	
CINETHRONIX MEDIA SRL	
ROMIGA STAR SRL	
FOND MEDIA SRL	
ROM ELECTRONIC COMPANY SRL	
UNIVERSITATEA DIN CRAIOVA	
ASTRA SMART MEDIA SRL	
CANAL SUD MEDIA SRL	
INTEX PRIM SRL	
CLAR TELEVISION SRL	
AVE CONCRETE MEDIA SRL	
ROM CONSULT SRL	
MEDIA ZONE UNU HD SRL	
QUANTUM MEDIA PRESS SRL	
GALAXY SRL	
TV SIRIUS SRL	
RTS SEVERIN SRL	
AUTENTIC MEDIA TV SRL	
IMPULS CONSTRUCT SRL	
DIPLOMATIC TVR PRES SRL	
PAF MEDIA SRL	
CAT MEDIA SRL	
RTV MEDIA GRUP SRL	
KELET INFO SRL	
MEDIA CENTER SRL	
NOVA FORCE TECHNIC SRL	
NEXT START SRL	
TELE MOLDOVA SRL	
TELE M SRL	
UNIVERSITATEA APOLLONIA DIN IA?I	
NORD EST NEWS SRL	
INFINIT TV SRL	
HUNYADI LASZLO ÎNTREPRINDERE INDIVIDUAL?	
TEZAUR MEDIA TELEVISION SRL	
ALPHA MEDIA SRL	
MEDIA PRO COMUNICATION SRL	
NOVANEWS MEDIA? SRL	
MEDIA GRUP MARKET ADV SRL	
TEMATIC CABLE SRL	
TV NET STAR 2018 SRL	
MEDIA EST VISION SRL	
ACUM TV SRL	
ASOCIA?IA RADIO MARIA ROMÂNIA	
ARDELEAN PRODUCTION MEDIA SRL	
FISHING & HUNTING TEMATIC SRL	
BANAT TELECOM SATELIT SRL	
SEIN MEDIA SRL	
M.G.R. ADVERTISING SRL	
EXTOUR MEDIA SRL	
GREEN GOLD INTERNA?IONAL FM SRL	
HD365 PRODUCTION SRL	
TELEMOLD ROMAN SRL	
ARGE? TV MEDIA GROUP SRL	
MEDIA VIDEO PRODUCTION ONE SRL	
PROTON PRODUCTION SRL	
ROUMANIAN ELECTRONIC SERVICE SRL	
GLIGA COMIMPEX SRL	
ASOCIA?IA DE MUZIC? DIN REMETEA	
BANAT MEDIA SRL	
DORITHEA MEDIA SRL	
CROMTEL MEDIA GROUP SRL	
GOSPOD?RIRE COMUNAL? LOCAL? R??INARI SRL	
TV SAT 2002 SRL	
VEZI TELEVIZIUNE SRL	
NORD VEST TV ADVERTISING SRL	
NEW IMAGE SRL	
SOLPRESS SRL	
SCORPION IMPEX EVENIMENTUL SIBIAN SRL	
CARGO SPED SRL	
ALPATVAR 2008 SRL	
STANDARD QM SRL	
DC FIBER HOME SRL	
DATE ADVERTISING SRL	
DIGI COMMUNICATION SRL	
INTER-MEDIA SRL	
TRAINING & CONSULTING GROUP SRL	
MEDIA TEN PRODUCTIONS SRL	
B.G. MEDIA SRL	
SUCEAVA CULTURAL MEDIA SRL	
ELECTRO-SAT SRL	
PATRYON INVEST SRL	
STV SÂNNICOLAU MARE SRL	
NOVA MEDIA SRL	
UNIVERSITATEA POLITEHNICA DIN TIMI?OARA	
QUB TV SRL	
TELEBEST MEDIA SRL	
TELENOVA SRL	
ALFA-OMEGA TV PRODUCTION SRL	
TURDA TV SRL	
COMUNA TURIA	
MD-I MEDIA REGIONAL SRL	
COLUMNA FILM STUDIO SRL	
BIFF EXPERT GROUP SRL	
ACCES IN COM SRL	
TELE 3 MEDIA SRL	
SUD MEDIA PRODUCTION SRL	
EMIEVENTS MUSIC SRL	
TOP BBB VIDEO SRL	
MEDIA VIDEO CENTER SRL	
CBS IMPACT CONSULTANCY SRL	
ETV CENTER SRL	
I MEDIA PRODUCTION CO SRL	
EXROMGRUP SRL	
REALOMNIMEDIA SRL	
"SERVICII ""POLYP"" SRL"	
TV ADLER-TRADING SRL	
TASANDSIL SRL	
FIBERPLUS SRL	
CONFLUEN?E DORNENE MEDIA SRL	
ERA MEDIA ART SRL	
GREEN GOLD MEDIA TV SRL	
ASOCIA?IA CENTRUL MEDIA ADVENTIST	
MEDIADIFF PRODUCT SRL	
PROFIMUSIC SRL	
