Company,Website
AL JAZEERA ENG,
AL JAZEERA ENG HD,
BABY TV,
BBC ENTERTAINMENT,
BBC FIRST (CEE),
BBC FIRST (CEE) HD,
BLOOMBERG,
CLASSICAL TV,
CRIME & INVESTIGATION NETWORK EUROPE,
EPIC DRAMA (CEE),
EPIC DRAMA (CEE) HD,
ESPN AMERICA,
ESPN AMERICA HD,
ESPN CLASSIC SPORT,
ID XTRA,
ID XTRA HD,
LOVE NATURE,
LOVE NATURE 4K,
LOVE NATURE HD,
MTV LIVE HD,
MTV MUSIC 24,
NAUTICAL CHANNEL,
NAUTICAL CHANNEL HD,
RT (RUSSIA TODAY),
RT (RUSSIA TODAY) HD,
SHORTS HD,
SHORTS TV,
SPORT EXTRA HD,
SPORT EXTRA TV,
SUNDANCE,
SUNDANCE HD,
THE OUTDOOR CHANNEL,
THE OUTDOOR CHANNEL HD,
TLC HD,
TRACE SPORTS STARS,
TRACE SPORTS STARS HD,
TRAVEL XP,
TRAVEL XP HD,
TV1000 BALKANS,
TV1000 RUSSIAN KINO,
VIASAT 3 HU,
VIASAT 6,
VIASAT EXPLORE,
VIASAT EXPLORE HD,
VIASAT HISTORY,
VIASAT HISTORY HD,
VIASAT NATURE,
VIASAT NATURE HD,
FASHION TV,
FASHION TV HD,
SPARK,
BALKANIKA MUSIC TELEVISION,
AMC CHANNEL ROMÂNIA,
AMC CHANNEL ROMÂNIA HD,
CARTOON NETWORK CEE,
CARTOON NETWORK CEE HD,
CARTOONITO BENELUX CEE GAS,
CARTOONITO BENELUX CEE GAS HD,
CINEMAX,
CINEMAX 2,
CINEMAX 2 HD,
CINEMAX HD,
CLUB MTV,
COMEDY CENTRAL,
COMEDY CENTRAL EXTRA,
COMEDY CENTRAL HUNGARY,
FILM CAFE,
GOLF CHANNEL,
HBO,
HBO 2,
HBO 2 HD,
HBO 3 HD,
HBO 3 România,
HBO HD,
MEGAMAX,
MINIMAX,
MINIMAX HU,
MTV,
MTV 00s,
MTV 80s,
MTV 90s,
MTV HITS INTERNATIONAL,
NICKELODEON,
NICKELODEON HD,
NICKELODEON HU,
SPORT M,
SUNDANCE TV PE,
TEENNICK,
TV PAPRIKA,
TV PAPRIKA HU,
VIVA HUNGARY,
FIGHT CHANNEL WORLD HD,
IConcerts,
IConcerts HD,
AB MOTEURS,
ARTE HD,
CGTN,
EURONEWS,
EURONEWS HD,
EUROSPORT 1 (PAN - român\),
EUROSPORT 1 (PAN - român\) HD,
EUROSPORT 1 (România),
EUROSPORT 1 (România) HD,
EUROSPORT 2 (PAN - român\),
EUROSPORT 2 (PAN - român\) HD,
EUROSPORT 2 (PAN),
EUROSPORT 2 (PAN) HD,
EUROSPORT 2 (România),
EUROSPORT 2 (România) HD,
EUROSPORT 4K,
EUROSPORT NEWS,
FRANCE 2,
FRANCE 2 HD,
FRANCE 24,
FRANCE 24 - ENGLEZA,
FRANCE 24 - ENGLEZA HD,
FRANCE 24 HD,
FRANCE 3,
FRANCE 4,
FRANCE 5,
MEZZO,
MEZZO LIVE HD,
MOTEURS,
MUSEUM 4K,
MUSEUM HD,
MyZen 4K,
MyZen.TV,
MyZen.TV HD,
THE MUSEUM CHANNEL,
TRACE CARRIBEAN,
TRACE CARRIBEAN HD,
TRACE URBAN,
TRACE URBAN HD,
TV 5 MONDE,
TV 5 MONDE HD,
3 SAT,
AUTO MOTOR UND SPORT CHANNEL,
AUTO MOTOR UND SPORT CHANNEL HD,
CRIME & INVESTIGATION EU,
DA VINCI LEARNING,
DA VINCI LEARNING HD,
DEUTSCHE WELLE,
DEUTSCHE WELLE HD,
HISTORY CHANNEL (ROMANIAN),
HISTORY CHANNEL (ROMANIAN) HD,
HISTORY CHANNEL HU,
HISTORY CHANNEL HU HD,
HISTORY ROMANIA,
HISTORY ROMANIA HD,
HISTORY2 EU (H2 EU),
HISTORY2 HUNGARY,
KABEL EINS,
MOTORVISION,
MOTORVISION HD,
N-TV,
PRO SIEBEN,
ROMANCE TV MAGYAR,
ROMANCE TV ROMANIA,
RTL 2,
RTL NITRO,
RTL TELEVISION,
SAT.1,
SIXX,
STINGRAY C MUSIC,
STINGRAY CLASSICA,
STINGRAY CLASSICA HD,
STINGRAY DJAZZ,
STINGRAY DJAZZ HD,
STINGRAY FESTIVAL,
STINGRAY FESTIVAL 4K,
STINGRAY HITS,
STINGRAY ICONCERTS (STINGRAY QELLO),https://iconcerts.stingray.com/
STINGRAY ICONCERTS HD,
STINGRAY LITE TV,
STINGRAY NATURESCAPE,
SUPER RTL,
VOX,
WARNER TV (România),
WARNER TV HD (România),
WELT,
CLASS HORSE TV,
CNBC EUROPE,
CNBC EUROPE HD,
MEDIASET ITALIA NETWORK,
RAI DUE,
RAI DUE HD,
RAI NEWS 24,
RAI NEWS 24 HD,
RAI TRE,
RAI TRE HD,
RAI UNO,
RAI UNO HD,
ARCADIA TV,
ARCADIA TV HD,
BBC WORLD NEWS,
BBC WORLD NEWS HD,
CNN HD,
CNN INTERNATIONAL,
COOL TV,
FILM+,
FILM+ HD,
GALAXY 4,
LUXE TV,
LUXE TV 4K UHD,
LUXE TV HD,
MUZSIKA TV,
RTL GOLD,
RTL HAROM,
RTL HAROM HD,
RTL KETTO,
RTL KETTO HD,
SKY NEWS INTERNATIONAL,
SOROZAT+,
10 TV,
BUSUIOC TV,
JURNAL TV,
MOLDOVA 1,
NOROC,
360TUNEBOX,
360TUNEBOX HD,
ANIMAL PLANET,
ANIMAL PLANET HD,
AXN CE BLACK,
AXN CE WHITE,
AXN ROM,
AXN ROM HD,
AXN SPIN RA,
BABES TV,
BABES TV HD,
BANG U,
BANG U HD,
BBC EARTH,
BBC EARTH HD,
BLUE HUSTLER TV,
BRAVA HDTV,
BRAZZERS TV EUROPE,
BRAZZERS TV EUROPE HD,
DISCOVERY CHANNEL,
DISCOVERY CHANNEL HD,
DISCOVERY CHANNEL HU,
DISCOVERY FAMILY,
DISCOVERY SCIENCE,
DISCOVERY SCIENCE HD,
DISCOVERY SCIENCE HU,
DISCOVERY SHOWCASE HD,
DISCOVERY WORLD,
DJAZZTV,
DJAZZTV HD,
DOCUBOX,
DOCUBOX HD,
DORCEL TV HD,
DORCEL XXX HD,
DTX,
DTX HD,
DTX HU,
EROTICA TV HD,
EROX,
EROX HD,
EROXX,
EROXX HD,
EROXXX,
EROXXX HD,
EXTREME SPORTS,
FASHIONBOX HD,
FASTNFUNBOX HD,
FIGHTBOX HD,
FINE LIVING NETWORK,
FOOD NETWORK,
FOOD NETWORK HD,
FREE X TV,
FREE X TV LIGHT,
FRENCH LOVER TV,
FUNBOX UHD,
GAMETOON HD,
HGTV,
HGTV HD,
HUSTLER HD,
HUSTLER HD3D,
HUSTLER TV,
ID INVESTIGATION DISCOVERY,
ID INVESTIGATION DISCOVERY HD,
ID INVESTIGATION DISCOVERY HU,
INSIGHT UHD,
MARC DORCEL TV,
NICK JUNIOR,
NICK JUNIOR (HUNGARY),
NICK TOONS (HUNGARY),
NICK TOONS (ROMANIA),
PLAYBOY TV EUROPE,
PLAYBOY TV HD,
PRIVATE BLUE,
PRIVATE GOLD,
PRIVATE TV,
REALITY KINGS,
REALITY KINGS HD,
SUPER ONE,
SUPER ONE HD,
TIMELESS DIZI CHANNEL,
TIMELESS DIZI CHANNEL HD,
TLC BALKANS,
TLC ROMANIA,
TLC ROMANIA HD,
TRAVEL CHANNEL,
TRAVEL CHANNEL HD,
VIXEN TV,
TV POLONIA,
DM SAT TV,
PINK PLUS,
RTS 1,
RTS 2,
RTS SAT,
RTS SAT HD,
DUCK TV,
DUCK TV HD,
DUCKTV PLUS,
STV1 BRATISLAVA,
CxC (CENTO X CENTO TV),
PINKO (PINK'O TV),
CBS REALITY,
DISNEY CHANNEL,
DISNEY JUNIOR,
DIVA (România),
E! EURA (România),
E! EURA (România) HD,
FILMBOX,
FILMBOX ACTION,
FILMBOX ARTHOUSE,
FILMBOX BALTICS,
FILMBOX BASICS,
FILMBOX EXTRA,
FILMBOX EXTRA HD,
FILMBOX FAMILY,
FILMBOX PREMIUM,
FILMBOX PREMIUM HD,
FILMBOX STARS,
FILMBOX TURKEY,
GALAVISION,
JIMJAM (ROMANIA),
NATGEO PEOPLE EU,
NATGEO PEOPLE HD,
NATIONAL GEOGRAPHIC,
NATIONAL GEOGRAPHIC HD,
NATIONAL GEOGRAPHIC WILD,
NATIONAL GEOGRAPHIC WILD HD,
PENTHOUSE 3D,
PENTHOUSE GOLD,
PENTHOUSE PASSION,
PENTHOUSE PASSION HD,
PENTHOUSE REALITY,
PENTHOUSE REALITY HD,
REDLIGHT HD,
ATV-AVRUPA,
KANAL D,
SHOW TV,
STAR TV,
TRT 1,
TRT 1 HD,
TRT 2,
TRT 4 COCUK,
TRT HABER,
ESPRESO,
RADA TV,
BONUM TV,
DUNA TV,
DUNA TV HD,
DUNA WORLD,
DUNA WORLD HD,
FILM4,
HALOZAT TV,
HIR TV,
M1,
M1 HD,
M2,
M2 HD,
M4 SPORT,
M4 SPORT HD,
M4 SPORT+,
M5,
M5 HD,
MAGYAR ATV,
MAGYAR SLAGER TV,
OZONE TV,
RADIO BARTOK,
RADIO DANKO,
RADIO KOSSUTH,
RADIO PETOFI,
RTL,
RTL HD,
SPORT 2,
SPORT M,
STORY 4,
TV2,
TV2 HD,
TV4,
